niche,city
стоматологія,Київ
стоматологія,Львів
стоматологія,Одеса
стоматологія,Харків
стоматологія,Дніпро
стоматологія,Запоріжжя
стоматологія,Вінниця
стоматологія,Полтава
стоматологія,Черкаси
стоматологія,Чернігів
стоматологія,Житомир
стоматологія,Суми
стоматологія,Рівне
стоматологія,Івано-Франківськ
стоматологія,Тернопіль
стоматологія,Хмельницький
стоматологія,Чернівці
стоматологія,Ужгород
стоматологія,Луцьк
стоматологія,Кропивницький
стоматологія,Миколаїв
стоматологія,Херсон
стоматологія,Кременчук
стоматологія,Біла Церква
стоматологія,Бровари
стоматологія,Ірпінь
стоматологія,Буча
стоматологія,Бориспіль
стоматологія,Павлоград
стоматологія,Кам'янське
стоматологія,Кривий Ріг
стоматологія,Нікополь
стоматологія,Марганець
стоматологія,Краматорськ
стоматологія,Слов'янськ
стоматологія,Конотоп
стоматологія,Шостка
стоматологія,Охтирка
стоматологія,Прилуки
стоматологія,Ніжин
стоматологія,Коростень
стоматологія,Бердичів
стоматологія,Новоград-Волинський
стоматологія,Мукачево
стоматологія,Берегове
стоматологія,Дрогобич
стоматологія,Стрий
стоматологія,Червоноград
стоматологія,Самбір
стоматологія,Трускавець
стоматологія,Коломия
стоматологія,Калуш
стоматологія,Надвірна
стоматологія,Яремче
стоматологія,Дубно
стоматологія,Вараш
стоматологія,Ковель
стоматологія,Нововолинськ
стоматологія,Шептицький
стоматологія,Кам'янець-Подільський
стоматологія,Нетішин
стоматологія,Старокостянтинів
стоматологія,Шепетівка
стоматологія,Умань
стоматологія,Сміла
стоматологія,Золотоноша
стоматологія,Канів
стоматологія,Черноморськ
стоматологія,Ізмаїл
стоматологія,Білгород-Дністровський
стоматологія,Южне
стоматологія,Подільськ
стоматологія,Первомайськ
стоматологія,Южноукраїнськ
стоматологія,Вознесенськ
стоматологія,Вознесенськd
стоматологія,Обухів
стоматологія,Вишгород
стоматологія,Фастів
стоматологія,Переяслав
стоматологія,Переяслав
стоматологія,Васильків
стоматологія,Боярка
стоматологія,Коцюбинське
стоматологія,Вишневе
стоматологія,Софіївська Борщагівка
стоматологія,Петропавлівська Борщагівка
стоматологія,Софіївська Буча
стоматологія,Подільський район Київ
стоматологія,Оболонь Київ
стоматологія,Позняки Київ
стоматологія,Троєщина Київ
стоматологія,Солом'янський район Київ
стоматологія,Шевченківський район Київ
стоматологія,Голосіївський район Київ
стоматологія,Салтівка Харків
стоматологія,Таїрова Одеса
стоматологія,Сихів Львів
